"uid","namedLocation","domainID","siteID","plotID","plotType","collectDate","sampleID","cnSampleID","analysisDate","sampleType","d15N","d13C","cnIsotopeQF","isotopeAccuracyQF","analyticalRepNumber","remarks","laboratoryName","testMethod","instrument","analyzedBy","reviewedBy","dataQF"
"744a6cf5-cf8a-4a2b-9abc-f61c5eae55f7","GRSM_006.basePlot.cfc","D07","GRSM","GRSM_006","distributed","2016-06-06T13:40Z","njZEDkTA4mgiARK+2lMt1XKieVoTXptHM32tPh7lGWw=","njZEDkTA4mgiARK+2lMt1XKieVoTXptHMQZx2XLz6BE=","2016-08-24","vegetation",-6.4,-27.7,"0",NA,1,NA,"University of Wyoming Stable Isotope Facility","010 EA-IRMS organic d15n, d13c, C% & N%",NA,"rHBrhUbTwVSLtfc5tc9S18/eJGkjVJIj","L/6ZjMlRllRQ+sQbi+7sFw==",NA
"3e1813df-5107-4935-b893-072bfd0c5654","GRSM_006.basePlot.cfc","D07","GRSM","GRSM_006","distributed","2016-06-06T14:10Z","njZEDkTA4mgZIetQ+caMIxKyGdrz/cE/iov51c01Qd4=","njZEDkTA4mgZIetQ+caMIxKyGdrz/cE/BcvtVTzaQ+A=","2016-08-24","vegetation",-4,-26.3,"0",NA,1,NA,"University of Wyoming Stable Isotope Facility","010 EA-IRMS organic d15n, d13c, C% & N%",NA,"rHBrhUbTwVSLtfc5tc9S18/eJGkjVJIj","L/6ZjMlRllRQ+sQbi+7sFw==",NA
"c7540e01-d0d2-4557-aa5e-5015c3d6147c","GRSM_006.basePlot.cfc","D07","GRSM","GRSM_006","distributed","2016-06-06T14:35Z","njZEDkTA4mhXBrbFJl/Bv/8VHIpZkxCb/z3lVdZ/1cQ=","njZEDkTA4mhXBrbFJl/Bv/8VHIpZkxCb5kX/IzmBqgg=","2016-08-24","vegetation",-5.3,-29.6,"0",NA,1,NA,"University of Wyoming Stable Isotope Facility","010 EA-IRMS organic d15n, d13c, C% & N%",NA,"rHBrhUbTwVSLtfc5tc9S18/eJGkjVJIj","L/6ZjMlRllRQ+sQbi+7sFw==",NA
"bc7d6d9c-ba84-4589-baad-25e1d48ecef4","GRSM_002.basePlot.cfc","D07","GRSM","GRSM_002","distributed","2016-06-06T15:45Z","njZEDkTA4mgWWU03lRxBFgfLUPZ46Kxd2ZaSaiyzcFI=","njZEDkTA4mgWWU03lRxBFgfLUPZ46KxdvqmIyLNn4Y0=","2016-08-24","vegetation",-7.8,-28.9,"0",NA,1,NA,"University of Wyoming Stable Isotope Facility","010 EA-IRMS organic d15n, d13c, C% & N%",NA,"rHBrhUbTwVSLtfc5tc9S18/eJGkjVJIj","L/6ZjMlRllRQ+sQbi+7sFw==",NA
"d844cc87-a60f-4142-b4da-e217565f65cc","GRSM_002.basePlot.cfc","D07","GRSM","GRSM_002","distributed","2016-06-06T15:45Z","njZEDkTA4mgWWU03lRxBFgfLUPZ46Kxd2ZaSaiyzcFI=","njZEDkTA4mgWWU03lRxBFgfLUPZ46KxdvqmIyLNn4Y0=","2016-08-24","vegetation",-7.8,-28.9,"0",NA,2,NA,"University of Wyoming Stable Isotope Facility","010 EA-IRMS organic d15n, d13c, C% & N%",NA,"rHBrhUbTwVSLtfc5tc9S18/eJGkjVJIj","L/6ZjMlRllRQ+sQbi+7sFw==",NA
"b44a0fce-7d2c-4d99-97a7-4a00c7c4406e","GRSM_002.basePlot.cfc","D07","GRSM","GRSM_002","distributed","2016-06-06T16:20Z","njZEDkTA4mhMd38hmJ6sFsk82htc7y964/KMIjLZiyo=","njZEDkTA4mhMd38hmJ6sFsk82htc7y96vE0zyDoPDec=","2016-08-24","vegetation",-1.9,-30.1,"0",NA,1,NA,"University of Wyoming Stable Isotope Facility","010 EA-IRMS organic d15n, d13c, C% & N%",NA,"rHBrhUbTwVSLtfc5tc9S18/eJGkjVJIj","L/6ZjMlRllRQ+sQbi+7sFw==",NA
"754ba168-bb8b-4218-9151-5b8f4160bfda","GRSM_002.basePlot.cfc","D07","GRSM","GRSM_002","distributed","2016-06-06T16:41Z","njZEDkTA4mhKOtXkRIPFhBzxgTIuGg/UEsL+4Cxpym4=","njZEDkTA4mhKOtXkRIPFhBzxgTIuGg/Ut5I6nB0aWCc=","2016-08-24","vegetation",-4.1,-29.3,"0",NA,1,NA,"University of Wyoming Stable Isotope Facility","010 EA-IRMS organic d15n, d13c, C% & N%",NA,"rHBrhUbTwVSLtfc5tc9S18/eJGkjVJIj","L/6ZjMlRllRQ+sQbi+7sFw==",NA
"d98ebadf-1257-4a97-beb8-af678447bd89","GRSM_010.basePlot.cfc","D07","GRSM","GRSM_010","distributed","2016-06-06T18:20Z","njZEDkTA4misW8k1uxtRp3WXJNHhA4qA7q9yG8Vst2k=","njZEDkTA4misW8k1uxtRp3WXJNHhA4qAfv4adJ1zXT8=","2016-08-24","vegetation",-2.7,-28.8,"0",NA,1,NA,"University of Wyoming Stable Isotope Facility","010 EA-IRMS organic d15n, d13c, C% & N%",NA,"rHBrhUbTwVSLtfc5tc9S18/eJGkjVJIj","L/6ZjMlRllRQ+sQbi+7sFw==",NA
"b7fbbf54-53dd-4acd-a137-da178345e5f6","GRSM_010.basePlot.cfc","D07","GRSM","GRSM_010","distributed","2016-06-06T19:26Z","njZEDkTA4misW8k1uxtRpy9/eUO9pznT5fFy9saRSxU=","njZEDkTA4misW8k1uxtRpy9/eUO9pznTpuVLoKzCGhk=","2016-08-24","vegetation",-3.1,-29.5,"0",NA,2,NA,"University of Wyoming Stable Isotope Facility","010 EA-IRMS organic d15n, d13c, C% & N%",NA,"rHBrhUbTwVSLtfc5tc9S18/eJGkjVJIj","L/6ZjMlRllRQ+sQbi+7sFw==",NA
"c76ac037-b303-48d8-9f18-d91c6ee5d0cb","GRSM_010.basePlot.cfc","D07","GRSM","GRSM_010","distributed","2016-06-06T19:26Z","njZEDkTA4misW8k1uxtRpy9/eUO9pznT5fFy9saRSxU=","njZEDkTA4misW8k1uxtRpy9/eUO9pznTpuVLoKzCGhk=","2016-08-24","vegetation",-3,-29.6,"0",NA,1,NA,"University of Wyoming Stable Isotope Facility","010 EA-IRMS organic d15n, d13c, C% & N%",NA,"rHBrhUbTwVSLtfc5tc9S18/eJGkjVJIj","L/6ZjMlRllRQ+sQbi+7sFw==",NA
"9ba76ba7-9a71-4768-a0f9-59614198e2ce","GRSM_010.basePlot.cfc","D07","GRSM","GRSM_010","distributed","2016-06-06T19:48Z","njZEDkTA4misW8k1uxtRpzWzzKfDITo68siBvvkbZRg=","njZEDkTA4misW8k1uxtRpzWzzKfDITo6MsqodP6SdVg=","2016-08-24","vegetation",-2.2,-29.5,"0",NA,1,NA,"University of Wyoming Stable Isotope Facility","010 EA-IRMS organic d15n, d13c, C% & N%",NA,"rHBrhUbTwVSLtfc5tc9S18/eJGkjVJIj","L/6ZjMlRllRQ+sQbi+7sFw==",NA
"89c5c886-7663-4dc4-9370-f8b44fe8e0b9","GRSM_025.basePlot.cfc","D07","GRSM","GRSM_025","distributed","2016-06-06T20:26Z","njZEDkTA4mjbtTUzmCeqwiL+6A/GgsOBQF/CTTu2F5Y=","njZEDkTA4mjbtTUzmCeqwiL+6A/GgsOBDwQ44lo2Im0=","2016-08-24","vegetation",-1,-30.1,"0",NA,1,NA,"University of Wyoming Stable Isotope Facility","010 EA-IRMS organic d15n, d13c, C% & N%",NA,"rHBrhUbTwVSLtfc5tc9S18/eJGkjVJIj","L/6ZjMlRllRQ+sQbi+7sFw==",NA
"225f84f6-c9fe-4188-bcab-cac59a4f33c0","GRSM_001.basePlot.cfc","D07","GRSM","GRSM_001","distributed","2016-06-06T20:45Z","njZEDkTA4mjZGSPmEY3U4r56QTRz50sl+NE/grsCEPQ=","njZEDkTA4mjZGSPmEY3U4r56QTRz50slQWewiTAgw3E=","2016-08-24","vegetation",-1.7,-27.8,"0",NA,1,NA,"University of Wyoming Stable Isotope Facility","010 EA-IRMS organic d15n, d13c, C% & N%",NA,"rHBrhUbTwVSLtfc5tc9S18/eJGkjVJIj","L/6ZjMlRllRQ+sQbi+7sFw==",NA
"564be516-91b9-45a6-8fa1-b530ddb0c70a","GRSM_025.basePlot.cfc","D07","GRSM","GRSM_025","distributed","2016-06-06T20:50Z","njZEDkTA4mgfENts4k6kSGBRN0EHeml9l4DjKXTfk+o=","njZEDkTA4mgfENts4k6kSGBRN0EHeml9agbOfCJyVg4=","2016-08-24","vegetation",-3.3,-30,"0",NA,1,NA,"University of Wyoming Stable Isotope Facility","010 EA-IRMS organic d15n, d13c, C% & N%",NA,"rHBrhUbTwVSLtfc5tc9S18/eJGkjVJIj","L/6ZjMlRllRQ+sQbi+7sFw==",NA
"99a7b9d9-5981-42bd-805a-e1dc6c215b20","GRSM_025.basePlot.cfc","D07","GRSM","GRSM_025","distributed","2016-06-06T21:00Z","njZEDkTA4mhH0X6U0MuB7VRO6eeyZWaniKGDpJXh+Ds=","njZEDkTA4mhH0X6U0MuB7VRO6eeyZWanaycrduY9xT4=","2016-08-24","vegetation",-1.3,-29.8,"0",NA,1,NA,"University of Wyoming Stable Isotope Facility","010 EA-IRMS organic d15n, d13c, C% & N%",NA,"rHBrhUbTwVSLtfc5tc9S18/eJGkjVJIj","L/6ZjMlRllRQ+sQbi+7sFw==",NA
"83a5b17d-9bcc-4f88-b182-2840eb5408b8","GRSM_001.basePlot.cfc","D07","GRSM","GRSM_001","distributed","2016-06-06T21:05Z","njZEDkTA4mhsCFFRaj0x+KMq0RVoHlbqS8Q3jqKZbmc=","njZEDkTA4mhsCFFRaj0x+KMq0RVoHlbqOECRmaZIzg0=","2016-08-24","vegetation",-1.8,-30.1,"0",NA,1,NA,"University of Wyoming Stable Isotope Facility","010 EA-IRMS organic d15n, d13c, C% & N%",NA,"rHBrhUbTwVSLtfc5tc9S18/eJGkjVJIj","L/6ZjMlRllRQ+sQbi+7sFw==",NA
"f37285c9-7eb7-441a-8ecf-3ec9ec5f507f","GRSM_001.basePlot.cfc","D07","GRSM","GRSM_001","distributed","2016-06-06T21:50Z","njZEDkTA4mjZGSPmEY3U4q2QdZT2qOdcd8fRI44y3zc=","njZEDkTA4mjZGSPmEY3U4q2QdZT2qOdcy7PmPuty3eg=","2016-08-24","vegetation",-1.2,-28.1,"0",NA,1,NA,"University of Wyoming Stable Isotope Facility","010 EA-IRMS organic d15n, d13c, C% & N%",NA,"rHBrhUbTwVSLtfc5tc9S18/eJGkjVJIj","L/6ZjMlRllRQ+sQbi+7sFw==",NA
"e2f5dfda-c77c-4072-a495-277cec1fbe36","GRSM_003.basePlot.cfc","D07","GRSM","GRSM_003","distributed","2016-06-07T11:05Z","njZEDkTA4mhR8rGbSsJLb6cukeMvremZBtGbGGiAx4k=","njZEDkTA4mhR8rGbSsJLb6cukeMvremZxeUt1yGgjE4=","2016-08-24","vegetation",-4.8,-29.5,"0",NA,1,NA,"University of Wyoming Stable Isotope Facility","010 EA-IRMS organic d15n, d13c, C% & N%",NA,"rHBrhUbTwVSLtfc5tc9S18/eJGkjVJIj","L/6ZjMlRllRQ+sQbi+7sFw==",NA
"a32473ef-4529-4ae2-aa2a-c5785bc82953","GRSM_003.basePlot.cfc","D07","GRSM","GRSM_003","distributed","2016-06-07T11:35Z","njZEDkTA4mhR8rGbSsJLbyKHqRDc/lGtzlnIdO9QBQ0=","njZEDkTA4mhR8rGbSsJLbyKHqRDc/lGtaO3LRLyv8A4=","2016-08-24","vegetation",-4.5,-28.5,"0",NA,1,NA,"University of Wyoming Stable Isotope Facility","010 EA-IRMS organic d15n, d13c, C% & N%",NA,"rHBrhUbTwVSLtfc5tc9S18/eJGkjVJIj","L/6ZjMlRllRQ+sQbi+7sFw==",NA
"f4ad4410-c23c-4efd-a6c1-73e2b975f13c","GRSM_003.basePlot.cfc","D07","GRSM","GRSM_003","distributed","2016-06-07T11:52Z","njZEDkTA4mi6lNVtRg00eNWwyQgddzDi5F2NTGiJEVc=","njZEDkTA4mi6lNVtRg00eNWwyQgddzDiHH91cU/J8Ok=","2016-08-24","vegetation",-2.9,-31.6,"0",NA,1,NA,"University of Wyoming Stable Isotope Facility","010 EA-IRMS organic d15n, d13c, C% & N%",NA,"rHBrhUbTwVSLtfc5tc9S18/eJGkjVJIj","L/6ZjMlRllRQ+sQbi+7sFw==",NA
"34ab3ffe-5f4f-4912-85a9-3c58b03941cb","GRSM_009.basePlot.cfc","D07","GRSM","GRSM_009","distributed","2016-06-07T14:25Z","njZEDkTA4mgDz3melY7dfQNMRUGLJr7nQVOoadhQsgI=","njZEDkTA4mgDz3melY7dfQNMRUGLJr7nbu/eq1iR6do=","2016-08-24","vegetation",-1.7,-29.1,"0",NA,1,NA,"University of Wyoming Stable Isotope Facility","010 EA-IRMS organic d15n, d13c, C% & N%",NA,"rHBrhUbTwVSLtfc5tc9S18/eJGkjVJIj","L/6ZjMlRllRQ+sQbi+7sFw==",NA
"6ac1d917-9b69-4791-96dd-0a08fae8e4f4","GRSM_009.basePlot.cfc","D07","GRSM","GRSM_009","distributed","2016-06-07T15:15Z","njZEDkTA4mgiCY3WEM5lM9N5JGr0HKviPCjIMG8pBsc=","njZEDkTA4mgiCY3WEM5lM9N5JGr0HKviBBk4DQtMYo0=","2016-08-24","vegetation",-2.8,-26.4,"0",NA,1,NA,"University of Wyoming Stable Isotope Facility","010 EA-IRMS organic d15n, d13c, C% & N%",NA,"rHBrhUbTwVSLtfc5tc9S18/eJGkjVJIj","L/6ZjMlRllRQ+sQbi+7sFw==",NA
"21ca86f1-9043-40a3-ba92-3af8552c1494","GRSM_009.basePlot.cfc","D07","GRSM","GRSM_009","distributed","2016-06-07T16:45Z","njZEDkTA4mh0yr9ydy7qRZC0Ve+IWGQeEwpl4eZtpAg=","njZEDkTA4mh0yr9ydy7qRZC0Ve+IWGQeemWhn4JSrsY=","2016-08-24","vegetation",-3.1,-31.2,"0",NA,1,NA,"University of Wyoming Stable Isotope Facility","010 EA-IRMS organic d15n, d13c, C% & N%",NA,"rHBrhUbTwVSLtfc5tc9S18/eJGkjVJIj","L/6ZjMlRllRQ+sQbi+7sFw==",NA
"54777d6f-cfec-40de-bba0-8c9a708bf5f1","GRSM_016.basePlot.cfc","D07","GRSM","GRSM_016","distributed","2016-06-07T18:40Z","njZEDkTA4mgDIL0BcS2yRYGrNGyARpIhjrXOu1tJWWs=","njZEDkTA4mgDIL0BcS2yRYGrNGyARpIhQ6WVAYc+DgI=","2016-08-24","vegetation",-0.9,-30.4,"0",NA,1,NA,"University of Wyoming Stable Isotope Facility","010 EA-IRMS organic d15n, d13c, C% & N%",NA,"rHBrhUbTwVSLtfc5tc9S18/eJGkjVJIj","L/6ZjMlRllRQ+sQbi+7sFw==",NA
"5883d897-19c1-47bb-90dd-2242996d3003","GRSM_016.basePlot.cfc","D07","GRSM","GRSM_016","distributed","2016-06-07T18:55Z","njZEDkTA4mijb1oR1IwLWxivLK0WHZulG6IAdSLWObY=","njZEDkTA4mijb1oR1IwLWxivLK0WHZulit2yBrjiPiw=","2016-08-24","vegetation",-1.9,-27.3,"0",NA,1,NA,"University of Wyoming Stable Isotope Facility","010 EA-IRMS organic d15n, d13c, C% & N%",NA,"rHBrhUbTwVSLtfc5tc9S18/eJGkjVJIj","L/6ZjMlRllRQ+sQbi+7sFw==",NA
"997c5a56-9efa-4762-8b72-9324cd7ea0b6","GRSM_016.basePlot.cfc","D07","GRSM","GRSM_016","distributed","2016-06-07T19:52Z","njZEDkTA4mijQdJIkfYasnD2h9naC7vbsLiMy4Go8XA=","njZEDkTA4mijQdJIkfYasnD2h9naC7vbf6OBHqy7x8E=","2016-08-24","vegetation",-1,-30.4,"0",NA,1,NA,"University of Wyoming Stable Isotope Facility","010 EA-IRMS organic d15n, d13c, C% & N%",NA,"rHBrhUbTwVSLtfc5tc9S18/eJGkjVJIj","L/6ZjMlRllRQ+sQbi+7sFw==",NA
"20b041d6-2afd-41dd-934c-86c36d92b3f4","GRSM_007.basePlot.cfc","D07","GRSM","GRSM_007","distributed","2016-06-08T11:30Z","njZEDkTA4mgzibdydw4wIWlntUakjAYfiR8XOwNE4WU=","njZEDkTA4mgzibdydw4wIWlntUakjAYfnj8zKNiupu4=","2016-08-24","vegetation",-5.7,-28.5,"0",NA,1,NA,"University of Wyoming Stable Isotope Facility","010 EA-IRMS organic d15n, d13c, C% & N%",NA,"rHBrhUbTwVSLtfc5tc9S18/eJGkjVJIj","L/6ZjMlRllRQ+sQbi+7sFw==",NA
"dcbfbe11-052d-4bfe-b2bf-94ab76b4e22b","GRSM_007.basePlot.cfc","D07","GRSM","GRSM_007","distributed","2016-06-08T12:00Z","njZEDkTA4mgzibdydw4wIeucmC/7uRrENi3KhXAJaso=","njZEDkTA4mgzibdydw4wIeucmC/7uRrE1yjBEnatk44=","2016-08-24","vegetation",-4.8,-31.4,"0",NA,1,NA,"University of Wyoming Stable Isotope Facility","010 EA-IRMS organic d15n, d13c, C% & N%",NA,"rHBrhUbTwVSLtfc5tc9S18/eJGkjVJIj","L/6ZjMlRllRQ+sQbi+7sFw==",NA
"19688431-32f9-44a4-8b50-08780d490fca","GRSM_007.basePlot.cfc","D07","GRSM","GRSM_007","distributed","2016-06-08T12:35Z","njZEDkTA4mhSgYo6Ispo/+wm2QqCMyjIwgQhpNfyK0k=","njZEDkTA4mhSgYo6Ispo/+wm2QqCMyjI6wR+OGjOhTw=","2016-08-24","vegetation",-1.9,-29.3,"0",NA,1,NA,"University of Wyoming Stable Isotope Facility","010 EA-IRMS organic d15n, d13c, C% & N%",NA,"rHBrhUbTwVSLtfc5tc9S18/eJGkjVJIj","L/6ZjMlRllRQ+sQbi+7sFw==",NA
"25bc1fb4-82f3-4857-b623-bbb978cf2a3a","GRSM_008.basePlot.cfc","D07","GRSM","GRSM_008","distributed","2016-06-08T14:08Z","njZEDkTA4mjRs6rw/tqfQrsycEHIOS06GZYymlMz4Ng=","njZEDkTA4mjRs6rw/tqfQrsycEHIOS06Ca+4J9XrCVQ=","2016-08-24","vegetation",-4.9,-30.3,"0",NA,1,NA,"University of Wyoming Stable Isotope Facility","010 EA-IRMS organic d15n, d13c, C% & N%",NA,"rHBrhUbTwVSLtfc5tc9S18/eJGkjVJIj","L/6ZjMlRllRQ+sQbi+7sFw==",NA
"3ba9b6c3-dc05-4004-9102-566094be164f","GRSM_008.basePlot.cfc","D07","GRSM","GRSM_008","distributed","2016-06-08T14:30Z","njZEDkTA4mjRs6rw/tqfQjEUL/lUbiPpO270Dwr8qbI=","njZEDkTA4mjRs6rw/tqfQjEUL/lUbiPpj0LF+Twq7CE=","2016-08-24","vegetation",-5.8,-31.1,"0",NA,1,NA,"University of Wyoming Stable Isotope Facility","010 EA-IRMS organic d15n, d13c, C% & N%",NA,"rHBrhUbTwVSLtfc5tc9S18/eJGkjVJIj","L/6ZjMlRllRQ+sQbi+7sFw==",NA
"6fe50b43-68da-4c65-a7b5-ecee02f00e13","GRSM_008.basePlot.cfc","D07","GRSM","GRSM_008","distributed","2016-06-08T14:50Z","njZEDkTA4mgheRG5xpV4KhBLjPaOVb3QRxFs/QPRWXk=","njZEDkTA4mgheRG5xpV4KhBLjPaOVb3QLAYPkpDXV+A=","2016-08-24","vegetation",-2.8,-30.4,"0",NA,1,NA,"University of Wyoming Stable Isotope Facility","010 EA-IRMS organic d15n, d13c, C% & N%",NA,"rHBrhUbTwVSLtfc5tc9S18/eJGkjVJIj","L/6ZjMlRllRQ+sQbi+7sFw==",NA
"a533333f-7eb8-4f8c-bb3b-27b4eefed543","GRSM_058.basePlot.cfc","D07","GRSM","GRSM_058","tower","2016-06-08T16:20Z","njZEDkTA4mjM8NaA5tPYPfIlPRzbOoiPURsnDbqK3bo=","njZEDkTA4mjM8NaA5tPYPfIlPRzbOoiPiujdDOPy7d0=","2016-08-24","vegetation",-1.6,-27.5,"0",NA,1,NA,"University of Wyoming Stable Isotope Facility","010 EA-IRMS organic d15n, d13c, C% & N%",NA,"rHBrhUbTwVSLtfc5tc9S18/eJGkjVJIj","L/6ZjMlRllRQ+sQbi+7sFw==",NA
"bfa1a711-6a10-46a1-b405-35ca39ceaf6c","GRSM_058.basePlot.cfc","D07","GRSM","GRSM_058","tower","2016-06-08T17:10Z","njZEDkTA4mjM8NaA5tPYPTLeca1Mq+PzxxOKRi4CuWA=","njZEDkTA4mjM8NaA5tPYPTLeca1Mq+Pz0WWGaUcsZl4=","2016-08-24","vegetation",-2.4,-29.8,"0",NA,1,NA,"University of Wyoming Stable Isotope Facility","010 EA-IRMS organic d15n, d13c, C% & N%",NA,"rHBrhUbTwVSLtfc5tc9S18/eJGkjVJIj","L/6ZjMlRllRQ+sQbi+7sFw==",NA
"3b1edcb6-f0f1-41c7-b3a4-deb59b5876b3","GRSM_058.basePlot.cfc","D07","GRSM","GRSM_058","tower","2016-06-08T17:28Z","njZEDkTA4mjM8NaA5tPYPaQ7DDpwljfAx1IeI64tYbU=","njZEDkTA4mjM8NaA5tPYPaQ7DDpwljfA8LKhKDgvQ0E=","2016-08-24","vegetation",-1.6,-29.4,"0",NA,1,NA,"University of Wyoming Stable Isotope Facility","010 EA-IRMS organic d15n, d13c, C% & N%",NA,"rHBrhUbTwVSLtfc5tc9S18/eJGkjVJIj","L/6ZjMlRllRQ+sQbi+7sFw==",NA
"23ed2d38-2956-49cd-81ea-682e1f317305","GRSM_059.basePlot.cfc","D07","GRSM","GRSM_059","tower","2016-06-08T19:15Z","njZEDkTA4mi2wT7cGdhmi5Lr4Z1iZftb/3tUYPPiG1s=","njZEDkTA4mi2wT7cGdhmi5Lr4Z1iZftb+Jp346qkI9U=","2016-08-24","vegetation",-4.7,-30.6,"0",NA,1,NA,"University of Wyoming Stable Isotope Facility","010 EA-IRMS organic d15n, d13c, C% & N%",NA,"rHBrhUbTwVSLtfc5tc9S18/eJGkjVJIj","L/6ZjMlRllRQ+sQbi+7sFw==",NA
"723ee773-d8cc-4ce6-bbbd-6ce971cfc073","GRSM_059.basePlot.cfc","D07","GRSM","GRSM_059","tower","2016-06-08T19:23Z","njZEDkTA4mhSkwoOwiHBfi3eADDSK5dn2593+eGblCA=","njZEDkTA4mhSkwoOwiHBfi3eADDSK5dnxRKdNVuUGLo=","2016-08-24","vegetation",-3.6,-30.2,"0",NA,1,NA,"University of Wyoming Stable Isotope Facility","010 EA-IRMS organic d15n, d13c, C% & N%",NA,"rHBrhUbTwVSLtfc5tc9S18/eJGkjVJIj","L/6ZjMlRllRQ+sQbi+7sFw==",NA
"8245d461-f608-4466-bab5-bafece595d92","GRSM_059.basePlot.cfc","D07","GRSM","GRSM_059","tower","2016-06-08T19:36Z","njZEDkTA4miyJmItRR7bb7aiJUAknLgxEH5ZLS2fNts=","njZEDkTA4miyJmItRR7bb7aiJUAknLgxEFQdjNneTJc=","2016-08-24","vegetation",-4,-27.7,"0",NA,1,NA,"University of Wyoming Stable Isotope Facility","010 EA-IRMS organic d15n, d13c, C% & N%",NA,"rHBrhUbTwVSLtfc5tc9S18/eJGkjVJIj","L/6ZjMlRllRQ+sQbi+7sFw==",NA
"3187b315-d37b-431e-93d0-a340552ec147","GRSM_060.basePlot.cfc","D07","GRSM","GRSM_060","tower","2016-06-08T20:18Z","njZEDkTA4miMFdcBeh0bEOgw31WI67a7yHvkNb4kF7g=","njZEDkTA4miMFdcBeh0bEOgw31WI67a7+4eqiZQn+sQ=","2016-08-24","vegetation",-3.8,-31.5,"0",NA,1,NA,"University of Wyoming Stable Isotope Facility","010 EA-IRMS organic d15n, d13c, C% & N%",NA,"rHBrhUbTwVSLtfc5tc9S18/eJGkjVJIj","L/6ZjMlRllRQ+sQbi+7sFw==",NA
"dfd095fe-946a-45f0-a0de-d4809db83943","GRSM_060.basePlot.cfc","D07","GRSM","GRSM_060","tower","2016-06-08T20:42Z","njZEDkTA4miVPiZgajsajJyGU2VGb4wd83wgTn1x/fk=","njZEDkTA4miVPiZgajsajJyGU2VGb4wdZQR1wmIBOao=","2016-08-24","vegetation",-5.6,-28.6,"0",NA,1,NA,"University of Wyoming Stable Isotope Facility","010 EA-IRMS organic d15n, d13c, C% & N%",NA,"rHBrhUbTwVSLtfc5tc9S18/eJGkjVJIj","L/6ZjMlRllRQ+sQbi+7sFw==",NA
"074740a3-e9f2-4a2d-9759-e8c7cd8f696a","GRSM_060.basePlot.cfc","D07","GRSM","GRSM_060","tower","2016-06-08T21:00Z","njZEDkTA4miMFdcBeh0bEOqlK9WNlal4RGubN/vzi2w=","njZEDkTA4miMFdcBeh0bEOqlK9WNlal4CsHSAnYtm5E=","2016-08-24","vegetation",-4.1,-30.4,"0",NA,2,NA,"University of Wyoming Stable Isotope Facility","010 EA-IRMS organic d15n, d13c, C% & N%",NA,"rHBrhUbTwVSLtfc5tc9S18/eJGkjVJIj","L/6ZjMlRllRQ+sQbi+7sFw==",NA
"5693e2ff-a116-4744-ac55-0d31c3bd7323","GRSM_060.basePlot.cfc","D07","GRSM","GRSM_060","tower","2016-06-08T21:00Z","njZEDkTA4miMFdcBeh0bEOqlK9WNlal4RGubN/vzi2w=","njZEDkTA4miMFdcBeh0bEOqlK9WNlal4CsHSAnYtm5E=","2016-08-24","vegetation",-4.1,-30.3,"0",NA,1,NA,"University of Wyoming Stable Isotope Facility","010 EA-IRMS organic d15n, d13c, C% & N%",NA,"rHBrhUbTwVSLtfc5tc9S18/eJGkjVJIj","L/6ZjMlRllRQ+sQbi+7sFw==",NA
"1b41a005-34bc-4ef7-95fe-4560c9edcc0c","GRSM_055.basePlot.cfc","D07","GRSM","GRSM_055","tower","2016-06-09T11:50Z","njZEDkTA4mhD9kQrWDZIDvJvaLn77OC7SBzRm0z+5K4=","njZEDkTA4mhD9kQrWDZIDvJvaLn77OC7u3uapcceKhk=","2016-08-24","vegetation",0.2,-28.2,"0",NA,1,NA,"University of Wyoming Stable Isotope Facility","010 EA-IRMS organic d15n, d13c, C% & N%",NA,"rHBrhUbTwVSLtfc5tc9S18/eJGkjVJIj","L/6ZjMlRllRQ+sQbi+7sFw==",NA
"ca659e02-bad2-45c0-b3a4-3fbdf5fa33db","GRSM_055.basePlot.cfc","D07","GRSM","GRSM_055","tower","2016-06-09T12:10Z","njZEDkTA4mhD9kQrWDZIDrGPgXD9DL+LpOToDDpR1pU=","njZEDkTA4mhD9kQrWDZIDrGPgXD9DL+LoG++smaEuq8=","2016-08-24","vegetation",-2,-29.8,"0",NA,1,NA,"University of Wyoming Stable Isotope Facility","010 EA-IRMS organic d15n, d13c, C% & N%",NA,"rHBrhUbTwVSLtfc5tc9S18/eJGkjVJIj","L/6ZjMlRllRQ+sQbi+7sFw==",NA
"bda29521-ed99-4982-b372-8d3aedd23676","GRSM_055.basePlot.cfc","D07","GRSM","GRSM_055","tower","2016-06-09T12:28Z","njZEDkTA4mhTZe2wh2y3jx++gacbnFugxvjdpiPqzvI=","njZEDkTA4mhTZe2wh2y3jx++gacbnFugzeuaewc1o9w=","2016-08-24","vegetation",-3.1,-29.6,"0",NA,1,NA,"University of Wyoming Stable Isotope Facility","010 EA-IRMS organic d15n, d13c, C% & N%",NA,"rHBrhUbTwVSLtfc5tc9S18/eJGkjVJIj","L/6ZjMlRllRQ+sQbi+7sFw==",NA
"105eec7b-b6ba-4a1f-af78-27cb0f455799","WOOD_043.basePlot.cfc","D09","WOOD","WOOD_043","tower","2016-06-27T16:42Z","xZ/4LGAq2g5RAbC90CFX05C/iONIwkH2V5OYKgGohSc=","xZ/4LGAq2g5RAbC90CFX05C/iONIwkH2BB92Whe2X2g=","2016-08-15","vegetation",0.6,-26.7,"0",NA,1,NA,"University of Wyoming Stable Isotope Facility","010 EA-IRMS organic d15n, d13c, C% & N%",NA,"rHBrhUbTwVSLtfc5tc9S18/eJGkjVJIj","L/6ZjMlRllRQ+sQbi+7sFw==",NA
"9574cb02-692a-42be-b951-29a34682e947","WOOD_044.basePlot.cfc","D09","WOOD","WOOD_044","tower","2016-06-27T17:10Z","xZ/4LGAq2g5NM+G6kbU3sw96yUdUfvrt82PnLRxK9Pg=","xZ/4LGAq2g5NM+G6kbU3sw96yUdUfvrtJXQoXlI+Yis=","2016-08-15","vegetation",-1.8,-16.4,"0",NA,1,NA,"University of Wyoming Stable Isotope Facility","010 EA-IRMS organic d15n, d13c, C% & N%",NA,"rHBrhUbTwVSLtfc5tc9S18/eJGkjVJIj","L/6ZjMlRllRQ+sQbi+7sFw==",NA
"be3627df-5100-426d-8ae8-75b34c6260fe","WOOD_045.basePlot.cfc","D09","WOOD","WOOD_045","tower","2016-06-27T17:30Z","xZ/4LGAq2g625hRtYPCK3nFi3gGfPNepkwWPNpIfYFs=","xZ/4LGAq2g625hRtYPCK3nFi3gGfPNepMp+vG04NErU=","2016-08-15","vegetation",-0.4,-25.4,"0",NA,1,NA,"University of Wyoming Stable Isotope Facility","010 EA-IRMS organic d15n, d13c, C% & N%",NA,"rHBrhUbTwVSLtfc5tc9S18/eJGkjVJIj","L/6ZjMlRllRQ+sQbi+7sFw==",NA
"3f969687-6c8d-4d6d-ad65-c87e546e921e","WOOD_042.basePlot.cfc","D09","WOOD","WOOD_042","tower","2016-06-27T17:44Z","xZ/4LGAq2g7s0BFr7jQjhrHnd3mW1OXxTX6YMO8XwPw=","xZ/4LGAq2g7s0BFr7jQjhrHnd3mW1OXxcX27SIVg/qo=","2016-08-15","vegetation",2.9,-27.8,"0",NA,1,NA,"University of Wyoming Stable Isotope Facility","010 EA-IRMS organic d15n, d13c, C% & N%",NA,"rHBrhUbTwVSLtfc5tc9S18/eJGkjVJIj","L/6ZjMlRllRQ+sQbi+7sFw==",NA
"8a6577bb-cd4e-4893-8087-1e8a64adc2d2","WOOD_001.basePlot.cfc","D09","WOOD","WOOD_001","distributed","2016-06-27T19:12Z","xZ/4LGAq2g67m1KX+4fS/U/0naalVs0/l+KfaPe5Wjo=","xZ/4LGAq2g67m1KX+4fS/U/0naalVs0/82EZ9SaZDnQ=","2016-08-22","vegetation",0.8,-26,"0",NA,1,NA,"University of Wyoming Stable Isotope Facility","010 EA-IRMS organic d15n, d13c, C% & N%",NA,"rHBrhUbTwVSLtfc5tc9S18/eJGkjVJIj","L/6ZjMlRllRQ+sQbi+7sFw==",NA
"f695a229-be3f-4e14-b06d-7de26ae6c82f","WOOD_003.basePlot.cfc","D09","WOOD","WOOD_003","distributed","2016-06-27T19:27Z","xZ/4LGAq2g4AJlIzew7Wf/XwxWTru/tQ6ZjM6mutTUM=","xZ/4LGAq2g4AJlIzew7Wf/XwxWTru/tQobxFen2xVo0=","2016-08-15","vegetation",-1.9,-26.1,"0",NA,2,NA,"University of Wyoming Stable Isotope Facility","010 EA-IRMS organic d15n, d13c, C% & N%",NA,"rHBrhUbTwVSLtfc5tc9S18/eJGkjVJIj","L/6ZjMlRllRQ+sQbi+7sFw==",NA
"0427bbbe-a7b1-4b9b-96f2-a963fb6a5f74","WOOD_003.basePlot.cfc","D09","WOOD","WOOD_003","distributed","2016-06-27T19:27Z","xZ/4LGAq2g4AJlIzew7Wf/XwxWTru/tQ6ZjM6mutTUM=","xZ/4LGAq2g4AJlIzew7Wf/XwxWTru/tQobxFen2xVo0=","2016-08-15","vegetation",-2.1,-26.1,"0",NA,1,NA,"University of Wyoming Stable Isotope Facility","010 EA-IRMS organic d15n, d13c, C% & N%",NA,"rHBrhUbTwVSLtfc5tc9S18/eJGkjVJIj","L/6ZjMlRllRQ+sQbi+7sFw==",NA
"f876a9bf-77ff-401b-967d-fa9b9316566f","WOOD_004.basePlot.cfc","D09","WOOD","WOOD_004","distributed","2016-06-27T20:29Z","xZ/4LGAq2g5Rur2MuF0BDdvtUvI2rTmpGu++T/p6/ws=","xZ/4LGAq2g5Rur2MuF0BDdvtUvI2rTmpOaANbcuqLyc=","2016-08-15","vegetation",0.6,-26.6,"0",NA,1,NA,"University of Wyoming Stable Isotope Facility","010 EA-IRMS organic d15n, d13c, C% & N%",NA,"rHBrhUbTwVSLtfc5tc9S18/eJGkjVJIj","L/6ZjMlRllRQ+sQbi+7sFw==",NA
"27fbc038-a93f-416d-9227-a3750d08e278","WOOD_023.basePlot.cfc","D09","WOOD","WOOD_023","distributed","2016-06-27T20:30Z","xZ/4LGAq2g6CJ8QaAy8llpSgItxwBWxDm1rOJ4cSVMo=","xZ/4LGAq2g6CJ8QaAy8llpSgItxwBWxDs0q48nm7Lhc=","2016-08-15","vegetation",6.2,-27.9,"0",NA,1,NA,"University of Wyoming Stable Isotope Facility","010 EA-IRMS organic d15n, d13c, C% & N%",NA,"rHBrhUbTwVSLtfc5tc9S18/eJGkjVJIj","L/6ZjMlRllRQ+sQbi+7sFw==",NA
"a487a62d-68ad-4f72-90b7-a2e7b6c17f42","WOOD_007.basePlot.cfc","D09","WOOD","WOOD_007","distributed","2016-06-28T14:46Z","xZ/4LGAq2g6obzXPzJjcva8hhqvo4PiSfXYArcdTIMY=","xZ/4LGAq2g6obzXPzJjcva8hhqvo4PiSnOWxga8XBvk=","2016-08-15","vegetation",-2.1,-18.7,"0",NA,1,NA,"University of Wyoming Stable Isotope Facility","010 EA-IRMS organic d15n, d13c, C% & N%",NA,"rHBrhUbTwVSLtfc5tc9S18/eJGkjVJIj","L/6ZjMlRllRQ+sQbi+7sFw==",NA
"84d31e31-cab3-47fc-98bf-0cdc83447694","WOOD_021.basePlot.cfc","D09","WOOD","WOOD_021","distributed","2016-06-28T15:08Z","xZ/4LGAq2g6Tiw5iTs+UINI2H1BeT5B+LYqXCEoT9N4=","xZ/4LGAq2g6Tiw5iTs+UINI2H1BeT5B+mTjO6Nf1MLg=","2016-08-15","vegetation",2.8,-27.5,"0",NA,1,NA,"University of Wyoming Stable Isotope Facility","010 EA-IRMS organic d15n, d13c, C% & N%",NA,"rHBrhUbTwVSLtfc5tc9S18/eJGkjVJIj","L/6ZjMlRllRQ+sQbi+7sFw==",NA
"d0fef250-4f37-4bc5-9965-d9eae4bceb58","WOOD_006.basePlot.cfc","D09","WOOD","WOOD_006","distributed","2016-06-28T15:40Z","xZ/4LGAq2g63XXbJ/Ii4dHcg0n0X2zu/zdKkjj1cjw0=","xZ/4LGAq2g63XXbJ/Ii4dHcg0n0X2zu/YFCaujKyAtU=","2016-08-15","vegetation",-0.5,-26.7,"0",NA,1,NA,"University of Wyoming Stable Isotope Facility","010 EA-IRMS organic d15n, d13c, C% & N%",NA,"rHBrhUbTwVSLtfc5tc9S18/eJGkjVJIj","L/6ZjMlRllRQ+sQbi+7sFw==",NA
"91ca66b6-8fe7-4a79-afec-9002f6204d49","WOOD_005.basePlot.cfc","D09","WOOD","WOOD_005","distributed","2016-06-28T16:20Z","xZ/4LGAq2g7nI++B8hJ/ggdLF5QTx8J+vIUHMLMZkWw=","xZ/4LGAq2g7nI++B8hJ/ggdLF5QTx8J+Ss7piOql1ew=","2016-08-15","vegetation",-1.4,-27.8,"0",NA,1,NA,"University of Wyoming Stable Isotope Facility","010 EA-IRMS organic d15n, d13c, C% & N%",NA,"rHBrhUbTwVSLtfc5tc9S18/eJGkjVJIj","L/6ZjMlRllRQ+sQbi+7sFw==",NA
"814b858c-9693-4d1c-ab8d-fcea1220f3f8","WOOD_002.basePlot.cfc","D09","WOOD","WOOD_002","distributed","2016-06-28T16:40Z","xZ/4LGAq2g6TUwymTuahBndw9PBe2/9da5OreM0Y9xQ=","xZ/4LGAq2g6TUwymTuahBndw9PBe2/9dUe8uBgYpcKQ=","2016-08-15","vegetation",3,-27.9,"0",NA,1,NA,"University of Wyoming Stable Isotope Facility","010 EA-IRMS organic d15n, d13c, C% & N%",NA,"rHBrhUbTwVSLtfc5tc9S18/eJGkjVJIj","L/6ZjMlRllRQ+sQbi+7sFw==",NA
"3ae8a244-2b7f-4221-8bb7-d2603f08a0cf","WOOD_027.basePlot.cfc","D09","WOOD","WOOD_027","distributed","2016-06-28T17:10Z","xZ/4LGAq2g5ElX3sDmMFmefRCJQqchVSZ5Z6afiNww8=","xZ/4LGAq2g5ElX3sDmMFmefRCJQqchVSiVwl86tY/08=","2016-08-15","vegetation",2.8,-29,"0",NA,1,NA,"University of Wyoming Stable Isotope Facility","010 EA-IRMS organic d15n, d13c, C% & N%",NA,"rHBrhUbTwVSLtfc5tc9S18/eJGkjVJIj","L/6ZjMlRllRQ+sQbi+7sFw==",NA
"f3e0f64c-0425-4eb1-9222-6481d764ff4b","WOOD_008.basePlot.cfc","D09","WOOD","WOOD_008","distributed","2016-06-28T18:12Z","xZ/4LGAq2g6Qj6dihqFckCd5WSebmQ+FKoAnT/HohM8=","xZ/4LGAq2g6Qj6dihqFckCd5WSebmQ+FUFIjlAYIMVA=","2016-08-15","vegetation",-1.7,-26.9,"0",NA,1,NA,"University of Wyoming Stable Isotope Facility","010 EA-IRMS organic d15n, d13c, C% & N%",NA,"rHBrhUbTwVSLtfc5tc9S18/eJGkjVJIj","L/6ZjMlRllRQ+sQbi+7sFw==",NA
"6f74b427-df08-4060-b127-4cd493b2c9dc","WOOD_025.basePlot.cfc","D09","WOOD","WOOD_025","distributed","2016-06-28T18:32Z","xZ/4LGAq2g6QiY+I5gtun3dYjebp/p8RDSHmr3NJdIE=","xZ/4LGAq2g6QiY+I5gtun3dYjebp/p8RMWFqiGXKRyU=","2016-08-15","vegetation",2.8,-28.2,"0",NA,1,NA,"University of Wyoming Stable Isotope Facility","010 EA-IRMS organic d15n, d13c, C% & N%",NA,"rHBrhUbTwVSLtfc5tc9S18/eJGkjVJIj","L/6ZjMlRllRQ+sQbi+7sFw==",NA
"7c9d91ae-824a-4b77-8c05-07d38cdba262","WOOD_009.basePlot.cfc","D09","WOOD","WOOD_009","distributed","2016-06-28T19:27Z","xZ/4LGAq2g7M7/vSyUFd04WP3d3hJV0C8i0fVj82+8A=","xZ/4LGAq2g7M7/vSyUFd04WP3d3hJV0CjKh4zNax0Ws=","2016-08-15","vegetation",0,-27.1,"0",NA,1,NA,"University of Wyoming Stable Isotope Facility","010 EA-IRMS organic d15n, d13c, C% & N%",NA,"rHBrhUbTwVSLtfc5tc9S18/eJGkjVJIj","L/6ZjMlRllRQ+sQbi+7sFw==",NA
"007d3634-04b5-490a-8797-ed0075f03fb2","WOOD_022.basePlot.cfc","D09","WOOD","WOOD_022","distributed","2016-06-28T19:39Z","xZ/4LGAq2g5ZG/Idao9B4YBFui1U5X9FD+PEX1XY0Wc=","xZ/4LGAq2g5ZG/Idao9B4YBFui1U5X9Fb814rk8TuWc=","2016-08-15","vegetation",4.1,-27.5,"0",NA,1,NA,"University of Wyoming Stable Isotope Facility","010 EA-IRMS organic d15n, d13c, C% & N%",NA,"rHBrhUbTwVSLtfc5tc9S18/eJGkjVJIj","L/6ZjMlRllRQ+sQbi+7sFw==",NA
"fc98e580-5309-40cb-b4b6-868c28b4a07e","WOOD_010.basePlot.cfc","D09","WOOD","WOOD_010","distributed","2016-06-28T20:30Z","xZ/4LGAq2g62z+5tzOwCpYBtRXM3dEnBr2V2RNwLeqo=","xZ/4LGAq2g62z+5tzOwCpYBtRXM3dEnBYSi0jWuocoU=","2016-08-15","vegetation",0.2,-27.1,"0",NA,1,NA,"University of Wyoming Stable Isotope Facility","010 EA-IRMS organic d15n, d13c, C% & N%",NA,"rHBrhUbTwVSLtfc5tc9S18/eJGkjVJIj","L/6ZjMlRllRQ+sQbi+7sFw==",NA
"3e2cd5aa-f21a-42e0-b2d7-183862127b9f","WOOD_024.basePlot.cfc","D09","WOOD","WOOD_024","distributed","2016-06-28T20:49Z","xZ/4LGAq2g5beUPdIU14aIJFb2LGeja8hJsv3Ic1nN4=","xZ/4LGAq2g5beUPdIU14aIJFb2LGeja8HVP/RZ9I3J8=","2016-08-15","vegetation",4.2,-27.4,"0",NA,1,NA,"University of Wyoming Stable Isotope Facility","010 EA-IRMS organic d15n, d13c, C% & N%",NA,"rHBrhUbTwVSLtfc5tc9S18/eJGkjVJIj","L/6ZjMlRllRQ+sQbi+7sFw==",NA
